frame_nmr,car_id,car_bbox,license_plate_bbox,license_plate_bbox_score,license_number,license_number_score
4,5.0,[2191.6478133024234 1176.8233812055441 2791.0935314385447 1764.0777819169275],[2414.992919921875 1582.455322265625 2582.294677734375 1652.178955078125],0.5984618067741394,HW51NSU,0.2572243236964662
8,3.0,[718.9466932406232 1413.3503299268427 1422.0396020865915 2057.8416460035796],[938.5704345703125 1834.7464599609375 1173.2259521484375 1913.312255859375],0.6584987640380859,NA13NRU,0.3426898496917181
9,5.0,[2195.5916944486667 1192.673352345289 2827.891687484724 1794.9001259864444],[2427.920166015625 1612.1151123046875 2593.96240234375 1682.3895263671875],0.6536362171173096,HL51VSU,0.035544459615076844
12,5.0,[2195.443482747766 1204.6333464007485 2818.458593220452 1809.4218286941937],[2433.031494140625 1630.43701171875 2596.87158203125 1696.677978515625],0.5670886039733887,MO51VSV,0.03610281997864227
14,3.0,[687.0670910898568 1449.5347856740332 1403.3992908693392 2104.984583001058],[927.9014282226562 1875.3350830078125 1165.39306640625 1969.7061767578125],0.666191577911377,NA13NRU,0.25236446016750225
22,5.0,[2207.108932684485 1254.0689745111695 2850.804827197213 1875.3040010418185],[2435.833740234375 1690.137939453125 2613.19482421875 1763.6492919921875],0.6767507791519165,CZ51VSU,0.04840844634383155
29,6.0,[1170.7214595111484 1095.331415024312 1720.390160565835 1542.0843265940473],[1394.139892578125 1375.837646484375 1524.4808349609375 1433.015625],0.30679431557655334,GU15QCJ,0.04588921192543538
75,8.0,[1216.2274892376915 958.8034815226092 1656.3398768301256 1342.8296906270061],[1357.38330078125 1187.26220703125 1487.1163330078125 1248.0697021484375],0.2654936909675598,KH13SZK,0.11926980169660378
78,8.0,[1211.565546479717 972.0881428052537 1651.0886728391454 1348.461929606661],[1370.6810302734375 1204.9276123046875 1484.359619140625 1267.58642578125],0.3250373899936676,XJ05ZIK,0.20920585712683767
92,6.0,[985.0222234702119 1361.0448950427522 1685.168660055479 1900.7051539115564],[1236.803955078125 1704.4193115234375 1419.874267578125 1778.199462890625],0.702398419380188,GX15OGJ,0.25214198140454835
93,1.0,[2060.57872943584 1078.602495368914 2543.116462683061 1501.3027059609574],[2209.486572265625 1343.9168701171875 2406.777099609375 1410.153564453125],0.3604849874973297,XP05JEO,0.09842592418242092
94,6.0,[976.8844819354053 1367.4652407799736 1686.9748974564777 1909.8493288370114],[1229.9061279296875 1727.400146484375 1413.6068115234375 1794.01904296875],0.6150457262992859,GX15OGJ,0.3676222496336414
96,1.0,[2059.0006758911722 1086.6297249861232 2546.818673019822 1512.5429826579284],[2250.336181640625 1368.0396728515625 2386.467041015625 1427.916259765625],0.30536094307899475,IP05JEO,0.3152639351126698
97,1.0,[2058.2102455762774 1089.2636350367993 2547.7501921032285 1516.2086234394833],[2212.7763671875 1368.313232421875 2383.9345703125 1426.970703125],0.26805436611175537,AF05JEO,0.4128510438080769
100,1.0,[2053.7609701046 1093.4335488286679 2550.7243699063715 1528.3751313440948],[2219.607421875 1387.461181640625 2360.18408203125 1445.58984375],0.2568020522594452,AF05JEE,0.3076352207399216
102,1.0,[2057.4449219011685 1100.4607720241547 2558.4228202696395 1540.7635725948116],[2229.733154296875 1379.069580078125 2410.521240234375 1444.5037841796875],0.5465619564056396,AP05JEO,0.3021598824940366
103,1.0,[2056.438850348495 1103.9231691172256 2558.841895114316 1546.0709767731835],[2208.829833984375 1382.10498046875 2369.562744140625 1444.0650634765625],0.277940571308136,AP05JEO,0.6020312363047259
104,1.0,[2054.375947164393 1107.5211240763128 2558.805893138409 1549.7580398531136],[2221.315673828125 1387.447998046875 2413.243896484375 1459.3804931640625],0.5579121708869934,AP05JEO,0.48053481506405454
105,1.0,[2055.059844287442 1110.6361158996851 2560.5917296169423 1553.4479926037452],[2222.0595703125 1394.8963623046875 2413.867431640625 1461.6104736328125],0.5209181308746338,AP05JEO,0.22932293579459945
106,1.0,[2054.684654989597 1112.6961875966517 2560.4271548544093 1555.77600524729],[2214.5302734375 1399.0692138671875 2392.688232421875 1461.08740234375],0.4082432985305786,AP05JEO,0.2626959207333901
107,8.0,[1164.6085017834027 1049.566220031391 1631.1980330532776 1449.0456843600805],[1314.890625 1281.901611328125 1468.7347412109375 1350.298828125],0.49434608221054077,KH05ZZN,0.19415073764505958
108,1.0,[2054.7652127497727 1119.074399139485 2562.7365008795973 1562.8789135337813],[2234.787841796875 1410.572509765625 2411.5498046875 1475.2471923828125],0.5399513244628906,AP05JEO,0.5236323965548774
110,1.0,[2055.3167734749204 1126.7327658600836 2564.1846674567632 1573.0558070496916],[2226.715576171875 1415.3785400390625 2387.151123046875 1480.224609375],0.3878380358219147,AP05JEO,0.27511980666621627
111,1.0,[2054.0963580922485 1129.1088068406546 2565.5637221306647 1576.3606235857458],[2237.408935546875 1417.3018798828125 2416.48681640625 1483.184326171875],0.4989638328552246,AF05JEO,0.7264377659944024
114,1.0,[2056.0402411668692 1138.5594211210325 2576.5249892157854 1587.9939652893138],[2230.415771484375 1425.0465087890625 2420.04052734375 1497.7012939453125],0.5522564649581909,AF05JEO,0.42270782996198103
115,1.0,[2054.236091565799 1140.1710885238829 2577.405674994825 1591.1431608033015],[2228.701904296875 1428.1787109375 2431.29638671875 1506.292236328125],0.5194105505943298,AF05JEO,0.24704633217010485
116,1.0,[2055.29120554974 1142.1082798048396 2580.8677601521313 1595.7651718876014],[2228.46533203125 1431.064697265625 2440.094482421875 1511.0042724609375],0.517829954624176,AF05JEO,0.15132630571893133
117,1.0,[2052.423974573152 1147.2443660211732 2579.6574489546447 1602.8076586572404],[2221.070068359375 1440.6734619140625 2440.38427734375 1514.08447265625],0.38669353723526,AP05JEQ,0.2797187287275946
118,1.0,[2051.1064923773247 1151.910721354453 2580.7258035104815 1607.3954421924482],[2229.772216796875 1444.7490234375 2441.64697265625 1515.193359375],0.5206558108329773,AP05JEQ,0.29813831583207934
119,1.0,[2052.7222886646873 1155.4634221847066 2583.919014333985 1612.2899629372234],[2226.041259765625 1452.9615478515625 2431.908935546875 1521.45556640625],0.5026606321334839,AP05JEO,0.21912972911092532
120,1.0,[2051.9459812168275 1161.082790686045 2586.534211099983 1620.3123037156597],[2222.236083984375 1459.9600830078125 2416.796630859375 1529.3673095703125],0.5225738286972046,AP05JEO,0.17490088108715462
126,1.0,[2047.934326686619 1186.3620428845181 2594.8248665546116 1652.128069032686],[2235.396484375 1480.5633544921875 2437.78076171875 1556.7777099609375],0.515346884727478,AP05JEO,0.2968720102735672
127,1.0,[2048.7766004159926 1188.3930089318226 2596.6230739340986 1655.1196421733396],[2235.02490234375 1478.8890380859375 2439.895751953125 1552.0902099609375],0.4121975004673004,AP05JEO,0.20130754658127578
128,1.0,[2048.3338611711274 1189.7563074574143 2596.0672698769563 1658.346114381655],[2228.093505859375 1487.52392578125 2449.09228515625 1562.7974853515625],0.45546644926071167,AP05JEO,0.38507059102922525
130,1.0,[2048.057134627947 1196.64055051944 2598.1210159215857 1669.7676183888268],[2236.95654296875 1496.124755859375 2443.513427734375 1575.343505859375],0.47835808992385864,AP05JEO,0.512303824073099
132,1.0,[2045.8038324065626 1206.1152661979793 2601.056213468729 1680.8713087127396],[2242.24658203125 1501.9515380859375 2438.791259765625 1581.8953857421875],0.6217740178108215,AP05JEO,0.21389750755243897
133,1.0,[2045.5718549597846 1209.0779790149793 2603.9146683884105 1683.6672892097347],[2239.780029296875 1505.01708984375 2454.37890625 1587.971923828125],0.6067618131637573,AP05JEO,0.3596874113394518
134,1.0,[2044.461140669051 1211.5557289920885 2604.776886935735 1686.69427240074],[2238.27392578125 1512.346435546875 2454.98779296875 1587.7181396484375],0.6275562047958374,AP05JEO,0.4605528303788686
135,8.0,[1103.5935409338733 1123.426116841423 1610.914021168009 1555.3167863684127],[1266.342041015625 1376.4158935546875 1425.1123046875 1448.55322265625],0.6213770508766174,KH05ZIK,0.6714839178558261
136,8.0,[1101.7862087987533 1124.527639819264 1609.4189825220951 1558.793255733549],[1264.3538818359375 1382.7608642578125 1420.402587890625 1457.619873046875],0.6297845244407654,KH05ZTK,0.46706099861927275
138,1.0,[2046.1807515990474 1228.2453902607615 2617.4695743146135 1706.7691757849864],[2245.0634765625 1527.8665771484375 2461.073486328125 1620.8358154296875],0.6427539587020874,AP05JEO,0.257533523746006
142,1.0,[2050.4070509396383 1239.6889050802636 2628.315538357188 1729.6679231207133],[2240.482177734375 1547.7601318359375 2459.37158203125 1632.5035400390625],0.6559918522834778,AP05JEO,0.14964688507597917
144,1.0,[2046.9710256128333 1247.5410892582731 2633.0307047796764 1744.5211809053758],[2245.202880859375 1561.163818359375 2458.95947265625 1638.330322265625],0.6281902194023132,AP05JEO,0.2767602684042981
145,1.0,[2048.3943006190975 1251.806204047577 2636.5342643124914 1750.3575080887204],[2248.28759765625 1565.3961181640625 2462.747314453125 1636.6138916015625],0.5843940377235413,AP05JEO,0.17297759065338603
146,1.0,[2048.759207107842 1256.670724157517 2638.681414682232 1757.4542447721867],[2245.560302734375 1570.1517333984375 2471.4384765625 1644.69580078125],0.5623135566711426,AP05JEO,0.1562140328397687
148,8.0,[1063.0519036408225 1160.1613029422942 1582.7590508918554 1610.9837477542978],[1237.2855224609375 1431.4776611328125 1397.094482421875 1503.414306640625],0.5768240690231323,KH05ZZK,0.8204898424201083
150,1.0,[2054.220335046239 1273.263368111111 2656.1728149915048 1784.9175335038135],[2261.824462890625 1589.4122314453125 2482.48046875 1673.1463623046875],0.6137110590934753,AP05JEO,0.3586139929623202
151,1.0,[2056.2564474648534 1275.7209807999157 2660.766870940045 1789.750416849839],[2248.932861328125 1587.9737548828125 2475.01171875 1674.3460693359375],0.6072529554367065,AP05JEO,0.4364880337766629
152,1.0,[2051.5495637576114 1280.0759289227274 2658.671196010958 1793.9305694420889],[2260.407958984375 1595.0189208984375 2473.794677734375 1680.3790283203125],0.6481205224990845,AP05JEO,0.3211681233243504
156,1.0,[2054.1381004199798 1300.8796353139 2672.944054986768 1819.9607333675435],[2276.751953125 1622.1900634765625 2489.902587890625 1708.2998046875],0.6311482787132263,AP05JEO,0.4942808591145046
157,1.0,[2047.974732993867 1302.5850771921264 2668.585532043665 1823.0303265161365],[2269.25390625 1619.8388671875 2497.511474609375 1712.86083984375],0.6429517269134521,AP05JEO,0.5806570142329325
159,8.0,[1035.273764972386 1190.8305964809838 1570.3676607763089 1659.323051816666],[1219.02880859375 1483.3968505859375 1380.8336181640625 1551.928466796875],0.6090013980865479,KH05ZZK,0.4428308799429591
160,1.0,[2057.3829196045267 1315.0531560468933 2674.2881497583426 1838.4706426774294],[2277.71435546875 1646.44970703125 2486.36669921875 1724.658447265625],0.6046501398086548,AP05JEO,0.29413003679530797
161,1.0,[2057.209069271888 1319.7917761480076 2673.6708972332585 1844.6674192946693],[2274.9873046875 1652.630615234375 2497.95263671875 1727.09228515625],0.6003333330154419,AP05JEO,0.43961213294341067
162,1.0,[2053.4569496449603 1325.2070079800474 2674.443621272688 1853.2621757162383],[2279.83349609375 1659.513916015625 2494.72705078125 1740.833251953125],0.6570285558700562,AP05JEO,0.278102413368313
163,1.0,[2056.5450839830755 1329.0013738048929 2678.23222859582 1858.834694192909],[2276.477783203125 1664.5286865234375 2501.4052734375 1745.9139404296875],0.6501631140708923,AP05JEO,0.4257786615591572
165,1.0,[2068.6232452052245 1338.0728417540963 2686.339285808859 1874.7671806147632],[2279.76416015625 1675.9522705078125 2502.180908203125 1765.8673095703125],0.6433746218681335,AP05JEO,0.1493158665202447
166,1.0,[2066.8698972314573 1343.2623919598086 2684.00530375239 1881.4864855239734],[2280.805908203125 1678.8856201171875 2518.090087890625 1766.8956298828125],0.6236301064491272,AP05JEO,0.2033590910851789
167,1.0,[2063.0753149538536 1349.4121688766684 2684.1001662563444 1889.019578632576],[2282.20654296875 1685.66015625 2506.70068359375 1769.91796875],0.6039260625839233,AP05JEO,0.401290062196189
172,1.0,[2074.658376342816 1374.1854238679123 2699.2423140337633 1916.6329719577732],[2293.024169921875 1710.9931640625 2527.5771484375 1804.025390625],0.6251866817474365,AP05JEO,0.3239517142114637
173,1.0,[2080.163900109104 1379.1958857089562 2704.7820032378118 1923.552043021973],[2296.7470703125 1720.3795166015625 2534.162353515625 1813.6893310546875],0.6370396614074707,AP05JED,0.2811807025180043
177,8.0,[997.246912518709 1276.9209316055594 1556.856478000605 1750.1022597430806],[1188.7701416015625 1569.2427978515625 1354.632568359375 1635.8961181640625],0.6451091170310974,KH05ZIK,0.8286038234338843
178,8.0,[996.9964218669077 1279.358417871168 1556.2816741751628 1754.141842434255],[1185.072265625 1572.3709716796875 1353.748291015625 1640.4774169921875],0.6115301251411438,KH05ZIK,0.20756518943464963
179,8.0,[993.1167403823194 1281.6425927840319 1553.3979624177762 1759.4895197372853],[1188.1519775390625 1583.66455078125 1344.744873046875 1651.087646484375],0.5719491243362427,KN05ZZX,0.17006075293042458
180,8.0,[987.0624588817714 1285.085455949277 1548.0337040288778 1768.0614713938965],[1185.4444580078125 1589.635009765625 1349.3699951171875 1654.8604736328125],0.6315093040466309,KH05ZZR,0.48604980018844957
181,1.0,[2092.5825204772295 1426.5574505213194 2735.436280818041 1983.6026578816477],[2308.64892578125 1777.2081298828125 2544.143798828125 1865.8524169921875],0.6462107300758362,AP05JEO,0.2061965674115423
182,1.0,[2092.6991038468914 1429.2721905274955 2740.89103041025 1989.4253195540507],[2304.381103515625 1780.275146484375 2547.443359375 1871.718017578125],0.6633107662200928,AP05JED,0.1556364249102981
183,1.0,[2089.183495077055 1433.9803281573074 2748.0024744092666 1995.7456507343588],[2306.64794921875 1788.599853515625 2544.826416015625 1876.220947265625],0.6602593064308167,AP05JED,0.2042899784231025
184,1.0,[2088.8505908736506 1438.8837583697032 2752.882876714235 2001.2385166060158],[2305.673828125 1791.4757080078125 2552.70068359375 1876.7208251953125],0.6480932831764221,AP05JEO,0.28377075532756857
185,1.0,[2091.6158437996332 1445.6621557012238 2758.7635101738874 2009.1620287243538],[2318.830810546875 1800.1915283203125 2560.789306640625 1897.4183349609375],0.6391019225120544,AP05JEO,0.2824803324270446
189,8.0,[959.212375076178 1328.5108714725516 1533.2264873116956 1830.3976402971352],[1153.9888916015625 1642.839111328125 1335.4893798828125 1711.717529296875],0.6608442068099976,KH05ZZK,0.29467510310339745
190,1.0,[2089.947806606131 1478.8539321423104 2773.770460091494 2051.415310180657],[2330.34814453125 1837.3699951171875 2567.51513671875 1923.2259521484375],0.660021185874939,AP05JEO,0.256100032467247
191,1.0,[2086.485296426893 1487.4961975106721 2770.7434898517686 2061.63537050627],[2323.45703125 1847.309326171875 2572.497314453125 1937.9263916015625],0.6492233276367188,AP05JEO,0.27326972786694675
192,1.0,[2087.686804044848 1495.9036838862232 2774.226097701224 2071.3447942363605],[2318.752685546875 1857.7318115234375 2576.651611328125 1957.0130615234375],0.6559094190597534,AP05JEO,0.6119859313231054
193,1.0,[2089.947106762134 1501.4692393334317 2775.115315395788 2078.098656020148],[2328.580810546875 1860.983642578125 2578.1455078125 1956.400634765625],0.6485264301300049,AP05JEO,0.9397423691521372
195,8.0,[938.3727080263991 1358.1846462239678 1525.5738011545416 1867.0438197815793],[1139.77294921875 1682.6441650390625 1319.901611328125 1749.0045166015625],0.6306227445602417,KH05ZTK,0.2011298469636483
196,8.0,[936.5193315500492 1363.6217955588959 1524.4493707447482 1872.26212321927],[1141.2083740234375 1684.048095703125 1319.1044921875 1750.483154296875],0.6331440806388855,KH05ZZK,0.42315207123804643
197,1.0,[2096.879126952371 1521.8461472865415 2791.3896010783164 2104.5890140173833],[2337.14794921875 1886.8677978515625 2585.868896484375 1983.7225341796875],0.6366838216781616,AP05JEO,0.2152477232593205
198,1.0,[2098.0375363273074 1529.7670404108417 2802.4451054452716 2115.488546781479],[2334.83642578125 1900.1905517578125 2592.816650390625 1992.6932373046875],0.6126853823661804,AP05JEQ,0.19967817087477222
199,1.0,[2099.50022342408 1535.333939929722 2809.4115143588815 2122.6196049291807],[2338.3212890625 1904.72802734375 2604.328857421875 2009.51416015625],0.6456480622291565,AP05JEO,0.18470122982492868
200,1.0,[2097.686491724859 1540.142941032278 2812.513578163757 2128.486783699085],[2342.543212890625 1916.418212890625 2598.7333984375 2009.4595947265625],0.6184746623039246,AP05JEO,0.5193689239417324
203,8.0,[914.0718371258515 1403.1767737530113 1518.6579750809935 1926.200416111124],[1112.90673828125 1730.8330078125 1296.6820068359375 1795.83837890625],0.5870639681816101,RH05ZZK,0.7079570505365969
206,1.0,[2103.68236255084 1578.1727354566576 2843.474208552501 2156.2900960136362],[2359.432861328125 1964.586669921875 2629.7578125 2065.5576171875],0.6379594206809998,AP05JEO,0.26047469418620894
207,8.0,[882.6292628615613 1423.4453857591407 1512.4521431459696 1951.6281019637854],[1096.7171630859375 1751.54638671875 1283.134033203125 1821.7442626953125],0.6604324579238892,KH05ZZK,0.35950700633592503
208,1.0,[2101.4902905843137 1591.4149444332263 2852.739754219411 2157.7030652632097],[2359.582763671875 1977.61279296875 2623.4833984375 2073.008544921875],0.6612511277198792,AP05JEQ,0.4260387744200767
209,8.0,[875.5100873335209 1432.8039848188585 1510.966438000959 1966.4785048342576],[1090.9180908203125 1766.7598876953125 1271.25390625 1839.5201416015625],0.6049792766571045,KH05ZZK,0.4821330766226885
211,1.0,[2110.756896448169 1607.8104115665183 2865.343509028613 2151.471037784487],[2371.5703125 2003.2237548828125 2643.087890625 2097.91845703125],0.6551539301872253,AP05JEO,0.3997114236821712
212,1.0,[2108.8221273862814 1612.7896304227322 2862.6132420719373 2153.9374194831726],[2387.3505859375 2024.0537109375 2642.508544921875 2104.212158203125],0.6750888824462891,AP05JEO,0.49485578269515174
217,8.0,[842.2323280839491 1478.4062964248424 1492.0012052390666 2033.978168418936],[1059.294677734375 1823.3924560546875 1252.585205078125 1894.8834228515625],0.6137707233428955,KH05ZZK,0.47596261428531217
234,8.0,[759.0606959504235 1588.560786849592 1443.8363276184027 2152.511704894247],[987.6231689453125 1953.747802734375 1200.015625 2036.8388671875],0.6028918623924255,KH05ZZK,0.12088436948145694
253,329.0,[2321.036929777425 1131.4398696254748 2873.6938187883115 1587.322751779272],[2521.05322265625 1425.061279296875 2676.91259765625 1488.088623046875],0.31981512904167175,EY61MBG,0.5202845095691824
254,329.0,[2318.023766629469 1135.3707612786575 2870.316303577897 1594.8419854846688],[2534.274169921875 1424.787353515625 2675.148193359375 1493.1292724609375],0.5079089403152466,EY61MEG,0.6061358326827284
255,329.0,[2316.585341890661 1143.1911110159022 2868.9655046309563 1611.7975694256838],[2536.757080078125 1427.7554931640625 2665.9970703125 1493.83056640625],0.2871280908584595,EY61NEC,0.4007381036924951
272,329.0,[2333.4038568310293 1199.5149850329012 2908.5877656876996 1711.267683890731],[2551.6455078125 1507.1412353515625 2702.3837890625 1573.4752197265625],0.5969681143760681,EY61MEG,0.34271661063687986
273,329.0,[2338.0237304948387 1203.6360751011134 2916.8959886064576 1718.2268113682076],[2554.354736328125 1517.8619384765625 2721.182373046875 1579.3223876953125],0.3508603572845459,EY61MBG,0.6268070289239084
276,329.0,[2338.520522261507 1212.8653682688278 2927.3840806013877 1733.5408027607605],[2561.447265625 1527.384521484375 2720.708740234375 1595.958251953125],0.4179818034172058,EY61MBG,0.6287440896969134
277,329.0,[2339.161466362123 1215.301773652348 2926.8363064088253 1735.914906274249],[2553.60205078125 1534.7841796875 2721.221923828125 1604.0302734375],0.6029192805290222,EY61NBG,0.8979359981979529
278,329.0,[2340.409443694036 1219.7420554727971 2928.246299594186 1740.540306087137],[2553.5947265625 1542.131591796875 2720.96875 1606.9688720703125],0.620434045791626,EY51NBG,0.30428227763083143
281,329.0,[2343.7116134950797 1233.6027256388902 2941.916333801118 1754.1201182644336],[2557.82373046875 1552.7230224609375 2726.033935546875 1615.6776123046875],0.6494119167327881,EY61NBG,0.5196866447824857
284,329.0,[2345.2353901719925 1242.3524239655715 2953.0044508411047 1769.379568565503],[2563.67431640625 1559.990234375 2731.919677734375 1635.76513671875],0.6664093732833862,EY61NBG,0.11392143246016466
287,329.0,[2344.8818690891335 1252.0451255106002 2959.7686413781717 1787.3986407335435],[2570.001953125 1580.2391357421875 2746.323486328125 1654.1075439453125],0.6244751214981079,EY61NBG,0.21832003019492205
288,329.0,[2345.4077026441573 1256.726103171707 2960.0409272228853 1793.7087875229372],[2571.03369140625 1586.28564453125 2741.370849609375 1658.5167236328125],0.6710338592529297,EY61NBG,0.8220871926841046
289,329.0,[2347.0343287267847 1261.274587192997 2962.816910918355 1799.7090136561173],[2573.99072265625 1586.6983642578125 2739.314453125 1660.745849609375],0.6893519163131714,EY61MBG,0.5143307396835999
292,329.0,[2348.5040595360897 1274.4142653616188 2970.137342168511 1817.7682568777238],[2579.75244140625 1607.18896484375 2745.940185546875 1673.5093994140625],0.6521784067153931,EY61NBG,0.4694941586294701
293,329.0,[2347.6592868095527 1276.4879800366075 2969.818289088183 1821.8299834329687],[2577.54443359375 1611.259765625 2750.48681640625 1680.0634765625],0.6490713357925415,EY61NBG,0.5972530284051328
296,329.0,[2352.700867183801 1286.8101899551207 2982.1653486987707 1839.5374201211716],[2583.31591796875 1633.58056640625 2760.4814453125 1702.311767578125],0.583570122718811,EY61NBG,0.2632440375689634
297,329.0,[2353.07046514461 1295.3886810845581 2981.554611912667 1847.495666229943],[2581.92041015625 1632.8485107421875 2766.31298828125 1710.2156982421875],0.6686478853225708,EY61NBG,0.6650290385007926
298,329.0,[2353.524434547446 1300.7853981428152 2980.8694208097563 1852.231626930925],[2585.895263671875 1639.0242919921875 2766.20654296875 1715.84619140625],0.685670793056488,EY61NBG,0.610631605453205
314,329.0,[2377.12386079763 1387.0839549207722 3034.950419544798 1978.513610279781],[2616.7236328125 1743.4324951171875 2800.80615234375 1815.0135498046875],0.6984003186225891,EY61NBG,0.6072539094710293
320,329.0,[2384.712692055145 1421.9312606964315 3059.4547091915615 2020.753784579975],[2624.509521484375 1778.7235107421875 2821.120849609375 1865.6934814453125],0.6784337162971497,EY61NBG,0.662929949103152
352,329.0,[2441.5350943375884 1613.8797038712394 3201.496674348535 2150.917664524508],[2703.20751953125 2039.3763427734375 2920.366943359375 2124.43603515625],0.6784479022026062,EY61NBG,0.47208852951791724
356,383.0,[937.8444269687673 1347.2350312689973 1539.7939939007117 1858.2787173697916],[1152.8914794921875 1701.1688232421875 1313.05224609375 1755.7005615234375],0.39862123131752014,AV04HVF,0.37895033524253363
427,543.0,[2307.527649781498 980.7351188424135 3058.323083661359 1972.186547754989],[2589.9140625 1724.90478515625 2767.669921875 1796.4261474609375],0.626263439655304,BG65USJ,0.780771925263793
440,543.0,[2301.159946804368 1019.7085881092742 3114.5089175066933 2046.2921014998212],[2598.315673828125 1819.23046875 2785.786376953125 1883.7886962890625],0.4853784143924713,BC65USJ,0.313844663763309
464,343.0,[1131.5754862035199 1068.8585210004978 1673.811821478964 1581.0116033538704],[1310.9912109375 1396.1385498046875 1464.800537109375 1465.3223876953125],0.5914124846458435,AK64DMY,0.6003907412938448
467,343.0,[1125.1881653177197 1075.5801843360707 1671.9130454440387 1589.1536642235544],[1300.946533203125 1400.6729736328125 1460.90966796875 1478.110107421875],0.6414107084274292,IK64OMW,0.17006412212643046
468,343.0,[1120.5882037134743 1077.7558565339878 1673.9111012948956 1592.8501032651375],[1303.6436767578125 1408.3421630859375 1457.05419921875 1485.078125],0.6180602312088013,AK54OMY,0.15388270747723787
469,343.0,[1117.353679054102 1078.5400596375218 1674.6791619121905 1594.8796390441023],[1303.396728515625 1410.2147216796875 1455.4862060546875 1485.2186279296875],0.6026772260665894,AK64OMY,0.1564859757450011
473,343.0,[1094.1011496469862 1093.1207613296922 1656.9951448711697 1612.0044656743796],[1292.372314453125 1419.8892822265625 1444.4442138671875 1488.215087890625],0.6106586456298828,AK64OMV,0.4356645397382842
486,343.0,[1073.3495885987065 1135.1923873822036 1649.0151228990205 1665.0530210287368],[1264.9178466796875 1462.521728515625 1428.7196044921875 1533.84716796875],0.6798476576805115,AK64DMV,0.628755590434932
500,343.0,[1031.787644110964 1168.7351272128572 1621.3492316552126 1711.284983132488],[1237.8250732421875 1512.469482421875 1402.0089111328125 1583.406005859375],0.6624796390533447,AK64DMV,0.620508777035097
505,343.0,[1019.0590427558661 1184.2941351061181 1615.9661566653174 1736.3203421909548],[1219.2239990234375 1531.8604736328125 1393.2620849609375 1605.065673828125],0.5891881585121155,AK64DMV,0.8618225418937971
507,343.0,[1015.7945415854072 1191.0355565770428 1616.3055931439292 1746.4994594661557],[1212.8572998046875 1538.397705078125 1388.1041259765625 1613.6470947265625],0.6421961188316345,AK64DMV,0.7361052123895834
528,343.0,[943.2023631418915 1264.471012851208 1575.481047946872 1849.3496661582758],[1165.5596923828125 1633.11962890625 1350.09228515625 1710.387939453125],0.6778569221496582,AK64DMV,0.6268235886223692
529,343.0,[939.2787804023453 1267.0371417088527 1575.4848246799195 1853.883058715507],[1166.8072509765625 1637.9410400390625 1343.7713623046875 1713.864990234375],0.6714011430740356,AK64DMV,0.553575360019858
533,613.0,[2320.4161474170182 1214.9453661788593 2875.9454118480094 1677.2331046313411],[2504.28173828125 1522.777587890625 2665.8291015625 1599.485595703125],0.5921579599380493,EF10DZT,0.6146384267163618
539,343.0,[912.9760885040796 1305.7883116187904 1563.2731511913125 1908.4191935579233],[1142.3021240234375 1688.3155517578125 1331.6627197265625 1767.6236572265625],0.7014595866203308,AK64DMV,0.8324771736044383
544,343.0,[898.9784469279318 1323.6605824730705 1560.3641529760505 1934.2633723920862],[1136.520751953125 1709.814453125 1321.736328125 1784.917724609375],0.6676942706108093,AK64DMV,0.8989571103882078
547,613.0,[2327.7745199124815 1262.2928246764566 2884.831642573647 1744.955809044665],[2522.992431640625 1570.4730224609375 2690.113525390625 1661.7891845703125],0.6337631344795227,EF10DZT,0.5669927281261161
551,389.0,[3015.6490390133195 993.8545028698845 3521.416985813973 1409.2485713548713],[3186.366943359375 1260.6719970703125 3343.510986328125 1325.3887939453125],0.40961915254592896,OU53OIJ,0.11120635834294036
556,613.0,[2328.9851808444673 1287.7267966091113 2895.3473646076063 1793.7378373807173],[2526.461669921875 1606.7691650390625 2700.1904296875 1693.3934326171875],0.6775773167610168,EF10DZT,0.3695796614117827
559,389.0,[3032.42521810449 1003.8893301965311 3554.9222366255167 1437.0546201431519],[3206.97314453125 1269.8695068359375 3383.836181640625 1347.18212890625],0.47102633118629456,OU02HJJ,0.06824477456798894
564,343.0,[851.2692237278588 1412.4953141156498 1537.518275690546 2060.6197966403142],[1091.155029296875 1820.992431640625 1292.884521484375 1910.7064208984375],0.665836751461029,AK64DMV,0.6917510674086816
587,389.0,[3105.752885216484 1101.5152133052165 3675.215789946342 1560.4646262729211],[3304.078125 1370.3228759765625 3494.73779296875 1466.949462890625],0.39146628975868225,OU62HIJ,0.4293637355766227
592,389.0,[3129.818410774391 1128.2812685750728 3697.9741135240683 1586.9043205824041],[3334.2158203125 1363.36279296875 3513.48046875 1492.8092041015625],0.4484296143054962,OU62HIJ,0.3734837150250348
598,389.0,[3153.685688914724 1159.2621273990362 3728.8089612691883 1614.5531601281305],[3352.955810546875 1439.4713134765625 3538.901611328125 1521.141845703125],0.5282303094863892,OU62MLJ,0.1874155760265584
619,389.0,[3222.144037520646 1226.6268734059336 3840.153725617069 1735.2983273766508],[3455.644775390625 1550.4661865234375 3625.102294921875 1620.9669189453125],0.3647683560848236,OU62MIA,0.13814200148659692
627,389.0,[3251.8764794563367 1253.79631740326 3846.115464123771 1762.954458074638],[3483.856201171875 1608.10693359375 3696.999755859375 1695.774169921875],0.4025160074234009,QU62HYJ,0.6121854578507783
632,389.0,[3264.4124337578155 1277.4580496970034 3844.7467505815443 1802.7908686309097],[3513.51123046875 1632.5064697265625 3699.396240234375 1717.8870849609375],0.4861881136894226,OU62HYJ,0.43967455142761847
636,389.0,[3285.69346503474 1292.7642283258945 3847.623128922171 1827.9794851805543],[3535.79150390625 1645.1163330078125 3733.06201171875 1725.00048828125],0.34322261810302734,OU52HYJ,0.1879770312446714
640,293.0,[2219.9348475990496 1330.6162095132704 2848.9891761206386 1836.1718813053667],[2442.442626953125 1674.043701171875 2628.20751953125 1745.412353515625],0.4424603283405304,AF65JRV,0.36567726013392443
641,367.0,[2257.1489133004598 963.7032249520315 2660.5215454748777 1338.274694533935],[2406.701904296875 1199.44189453125 2525.7041015625 1263.749267578125],0.46296676993370056,GJ06EPD,0.04119364827744441
647,389.0,[3328.4165426788127 1344.2751809126728 3843.865957467289 1896.8837489002615],[3616.754150390625 1732.8134765625 3789.826904296875 1811.04052734375],0.4757908880710602,OU52HVJ,0.3112963581086118
648,367.0,[2257.081507528636 977.0107810435578 2669.902299036637 1356.312651305091],[2402.71142578125 1218.0440673828125 2536.507080078125 1277.4639892578125],0.5529863238334656,GJ05IFD,0.1280796297022517
650,367.0,[2257.344237529669 987.8152315918295 2673.123388048237 1364.5578602554067],[2402.565185546875 1223.01123046875 2531.770751953125 1282.7847900390625],0.47281962633132935,GJ05EPD,0.19278950711891119
655,367.0,[2256.777876204778 992.4952984757882 2675.8381013043777 1372.9984509494675],[2402.179931640625 1230.600341796875 2533.050537109375 1296.8035888671875],0.547356128692627,GJ06EPD,0.11047149162580339
661,367.0,[2259.5158729621194 1003.4320963631144 2682.985853630052 1394.061855649638],[2400.451904296875 1250.7496337890625 2540.38330078125 1315.2225341796875],0.5425597429275513,TJ06EFD,0.3969326247817146
663,367.0,[2260.825221181409 1006.3843361978531 2684.0993218780513 1399.0185976557584],[2404.432861328125 1258.676513671875 2543.0048828125 1320.139892578125],0.5991964936256409,GJ06EPD,0.2541082864907612
675,367.0,[2260.2215453587382 1039.1107948889155 2696.2387696805877 1441.164710226333],[2407.34716796875 1288.7015380859375 2552.775390625 1366.0672607421875],0.5759531855583191,GJ06EFO,0.15334991127894884
680,367.0,[2260.854666248298 1050.3705768687375 2701.2316813393586 1452.6640242798892],[2408.745849609375 1305.21826171875 2562.632568359375 1376.1163330078125],0.6259883046150208,GJ06EAD,0.3040703453803779
681,367.0,[2262.3392158910556 1052.6798916635262 2703.4876286170584 1456.0266095291363],[2401.837890625 1303.614990234375 2564.822998046875 1381.8355712890625],0.6053093075752258,CJ06EAD,0.3061527976027963
682,367.0,[2263.090972505662 1056.2152765660771 2704.475626889513 1458.9402917821599],[2408.69482421875 1309.39794921875 2563.513427734375 1381.63525390625],0.5968630313873291,CJ06EPD,0.11854668972011531
683,367.0,[2263.050212587242 1061.8760718979408 2705.2673020185825 1463.95533618085],[2408.612548828125 1313.2840576171875 2559.46728515625 1383.4881591796875],0.618607223033905,GJ06EPD,0.3293156626331295
686,367.0,[2263.2719603838473 1064.8379310263601 2708.8224181003984 1471.3484454415832],[2425.822509765625 1318.3077392578125 2569.3515625 1390.1004638671875],0.6428167223930359,GJ06EPO,0.6173560913905031
687,367.0,[2262.827851457495 1070.1589238462745 2709.903432178681 1476.8238845421108],[2420.284423828125 1321.6121826171875 2565.91845703125 1392.162353515625],0.6631590127944946,TJ05EPO,0.1919735612454674
688,367.0,[2262.626878550685 1074.6005842084687 2710.928835172161 1479.301533028744],[2420.454345703125 1322.550537109375 2568.73681640625 1396.254150390625],0.6564998030662537,GJ06EPQ,0.24759389258596706
689,367.0,[2262.4905982072296 1075.4560575040016 2712.3770483992566 1481.5199447355837],[2415.479248046875 1325.1739501953125 2565.958251953125 1396.90478515625],0.652658224105835,GJ06EPD,0.22311099617598143
697,293.0,[2290.138861714813 1593.5290521260758 3004.9396787670585 2151.196906849966],[2536.92431640625 1994.43896484375 2754.228759765625 2086.673583984375],0.6672681570053101,AF65JKC,0.09540774096480885
700,367.0,[2272.4328802766913 1092.8887109753155 2735.2510049297407 1515.230040425285],[2434.74853515625 1362.3438720703125 2576.48828125 1434.4046630859375],0.6393015384674072,OJ06EPD,0.13487922210319828
702,367.0,[2274.1690218406857 1097.3168859891189 2741.694312542256 1522.9687322460722],[2433.978515625 1368.1688232421875 2580.065185546875 1439.510498046875],0.6520841717720032,GJ06EPD,0.32292029473123385
703,367.0,[2272.5916737789657 1098.8266434093237 2741.6480549532635 1525.0780722539569],[2435.909912109375 1368.97314453125 2588.580322265625 1443.0810546875],0.6562530398368835,GJ06EPO,0.09782863402795142
704,367.0,[2272.7385024251043 1101.0252777337198 2740.219039853233 1527.5350825535759],[2433.266845703125 1376.0885009765625 2586.35986328125 1447.162109375],0.6288982033729553,GJ06EPD,0.2376999338029343
707,367.0,[2275.670703284563 1109.6270591478215 2741.1604398408713 1536.0715371363635],[2439.194580078125 1385.9580078125 2590.989990234375 1453.549560546875],0.5639181137084961,CJ06EPD,0.7121596418935316
712,367.0,[2280.0044375209277 1123.2482862140882 2747.97914710308 1558.9909317335187],[2438.939208984375 1399.1463623046875 2596.617431640625 1477.5484619140625],0.5669028162956238,GJ06EPD,0.6673466306552274
713,367.0,[2280.8200111880487 1126.1331845475252 2749.926125033023 1563.0017711768674],[2442.5263671875 1407.5050048828125 2592.7578125 1479.94091796875],0.5629103183746338,OJ06EPD,0.26196449070190786
719,741.0,[908.4196077692848 1396.4306795202717 1542.869388342526 1946.4450147366767],[1119.30029296875 1816.169677734375 1308.8602294921875 1901.89599609375],0.25827500224113464,KH06KSU,0.6394328625035987
744,367.0,[2303.1486831901675 1208.843146277602 2811.0918291703083 1689.006754823578],[2474.45947265625 1520.4539794921875 2643.961669921875 1598.4906005859375],0.6172517538070679,GJ06EPD,0.2655433658475066
745,367.0,[2303.162775592712 1215.6247766843078 2814.9312500876795 1693.9789716978055],[2476.1259765625 1523.1082763671875 2646.015625 1598.90625],0.5882365703582764,GJ06EPD,0.47677557048117375
746,784.0,[1058.9818847350205 1140.267478779058 1588.7572006417106 1585.6348943637036],[1242.7113037109375 1431.6640625 1398.929443359375 1501.8326416015625],0.5128062963485718,LN15ZZC,0.23416280056960823
747,784.0,[1055.9951449870734 1141.4667645764837 1586.987554741888 1590.9494828032277],[1241.5064697265625 1445.6544189453125 1395.8292236328125 1508.59326171875],0.5355809330940247,LM15ZZC,0.4208508595917528
752,367.0,[2302.0385042213716 1235.184755315643 2829.3076406621926 1721.0502927682355],[2485.88525390625 1553.93701171875 2648.2939453125 1631.56494140625],0.6381703615188599,GJ06EPD,0.49645807123338925
754,741.0,[798.0004935187767 1563.3296409678132 1509.123007036983 2153.0288953272993],[1045.2421875 2032.8040771484375 1246.6693115234375 2113.92822265625],0.649070680141449,XH06KSU,0.3864229160127081
755,741.0,[797.702060196104 1567.6608392291437 1510.6986520351456 2154.6636852524584],[1039.9156494140625 2041.262451171875 1248.0106201171875 2129.046142578125],0.6607417464256287,KH06KSU,0.2844431784992322
757,367.0,[2302.4924789194065 1257.9754266834825 2831.8738703308745 1745.5348175627823],[2487.911865234375 1570.144775390625 2658.560302734375 1648.306640625],0.6335263848304749,GJ06EPD,0.8170657132096477
758,784.0,[1032.086661643883 1176.4391042743869 1575.2030457406922 1641.2287483789855],[1224.790283203125 1479.7508544921875 1378.688232421875 1547.1563720703125],0.5646400451660156,LM15ZZC,0.30182760645809026
765,367.0,[2305.790968971057 1288.2050899171304 2845.613122334714 1781.2485338363053],[2494.954345703125 1608.7752685546875 2670.413818359375 1685.6004638671875],0.6638942360877991,GJ06EPD,0.4901058301096995
766,367.0,[2304.3195091532702 1291.0684187525587 2846.3580724824074 1785.6623614453645],[2497.808349609375 1611.99462890625 2670.34423828125 1685.8524169921875],0.6477234363555908,GJ05EPD,0.32665785580164075
767,367.0,[2301.538543309026 1293.815952432553 2846.62655413614 1791.2946420247356],[2498.046630859375 1616.8209228515625 2668.9287109375 1693.8028564453125],0.6310293078422546,GJ06EPD,0.25887184420780607
769,367.0,[2302.9323436197315 1296.2720696606693 2852.3782060121007 1799.3820507959108],[2499.355224609375 1627.7794189453125 2671.8427734375 1703.4715576171875],0.6471961140632629,GJ06EPD,0.21119326792224588
774,367.0,[2301.9592755977624 1324.6488454921712 2861.770106069231 1831.6853757037832],[2498.629638671875 1653.4337158203125 2676.032470703125 1732.2408447265625],0.6742662191390991,GJ06EPD,0.534012735630373
775,367.0,[2303.1459026177063 1326.9675196688395 2864.1361332018187 1835.8606096413623],[2499.73291015625 1655.689453125 2680.41357421875 1732.8687744140625],0.6734949946403503,GJ06EPD,0.6351707705501817
778,367.0,[2302.73886076669 1333.0026178767293 2867.3715455627444 1849.6999719102587],[2508.447021484375 1677.3746337890625 2680.224853515625 1750.029052734375],0.6217886805534363,GJ06EPD,0.2862529724607325
780,367.0,[2305.6119640647967 1346.4784861046535 2872.247564354717 1864.3795485214948],[2505.392578125 1684.357177734375 2678.5849609375 1763.829345703125],0.6566967964172363,GJ06EPD,0.3602023190145196
781,367.0,[2302.832765031859 1349.1946799950356 2872.472004527148 1868.7814578317548],[2501.96630859375 1683.1322021484375 2686.3583984375 1770.1973876953125],0.6641990542411804,GJ06EPD,0.1844679938346161
784,367.0,[2301.5535788638704 1365.80737154338 2881.11742823527 1887.4081891484718],[2502.62841796875 1700.909912109375 2687.774169921875 1783.550537109375],0.6519919633865356,CJ06EPD,0.10063363541900738
785,367.0,[2301.113754690577 1369.5129826004013 2882.7803870537196 1893.835614758812],[2505.2353515625 1706.7425537109375 2688.239013671875 1791.9796142578125],0.6423372626304626,CJ06EPD,0.3210224214357176
787,367.0,[2298.4244341155218 1375.1234388722987 2878.6494275506757 1901.1155470743893],[2511.024169921875 1717.5618896484375 2690.98388671875 1799.0826416015625],0.6290529370307922,GJ06EPD,0.36126033674438635
788,367.0,[2298.2227418870884 1381.0839350872002 2878.4851847417017 1908.2907199108517],[2508.610107421875 1723.1612548828125 2688.245361328125 1802.7623291015625],0.6485159993171692,GJ06EPD,0.42761750679828614
792,367.0,[2296.870191175838 1403.6918285709426 2886.2310242721223 1936.3557974791233],[2508.506103515625 1749.8580322265625 2691.025634765625 1829.3272705078125],0.6620209813117981,GJ06EPD,0.6594963869849652
800,784.0,[902.4655757668579 1319.8140848517403 1514.2459672476348 1856.2246753210359],[1114.7398681640625 1665.737548828125 1292.8560791015625 1746.432861328125],0.6484490633010864,LA15ZZC,0.29895950344333433
801,367.0,[2303.8572170108673 1449.9903452525473 2909.0675614847814 1994.7685746735883],[2521.10791015625 1799.501953125 2704.2158203125 1881.040283203125],0.6520123481750488,GJ06EPD,0.38128711230194245
802,367.0,[2306.2768362012707 1452.9532460238324 2910.149419652352 1999.2043209428143],[2522.262451171875 1797.90283203125 2713.6171875 1888.62646484375],0.6526681780815125,LJ06EPD,0.6542265144673398
822,605.0,[2292.968371870301 1177.8175477407715 2855.912687286501 1610.1841606501346],[2494.2041015625 1460.681884765625 2647.96044921875 1534.4107666015625],0.6348721981048584,DA07CLX,0.226457637912908
849,880.0,[2174.196408100331 846.1495232602487 2668.267976067607 1351.8696378237416],[2347.550537109375 1202.4603271484375 2483.02734375 1269.5794677734375],0.5871092081069946,CV03NVS,0.06968252207931802
853,979.0,[2164.4284693077902 852.5893723280844 2677.515037927574 1368.5301499593131],[2348.9736328125 1212.6138916015625 2484.439453125 1282.723876953125],0.6038820743560791,EV03VOS,0.29137843687699577
879,605.0,[2298.1783184272836 1376.4610874518994 2939.021193970998 1886.8085539395215],[2532.112060546875 1718.2291259765625 2712.022705078125 1788.3541259765625],0.560135006904602,DA07CLX,0.34741347758375996
882,1001.0,[2139.7653235809908 907.6373419308457 2692.1764568435415 1461.662967025879],[2354.282470703125 1300.3880615234375 2497.479736328125 1372.1976318359375],0.6571843028068542,EY03VOS,0.04737783818932015
885,880.0,[2141.112173797971 912.22802855585 2699.690477113426 1470.0298975492624],[2354.198974609375 1311.523681640625 2496.240478515625 1380.0087890625],0.6289421916007996,EY05VOS,0.1804391482778047
910,1047.0,[2124.030983628711 963.7424117677136 2705.7484112378647 1560.7738286535214],[2333.481689453125 1390.7900390625 2490.841064453125 1466.826904296875],0.6095930933952332,EV09VOS,0.17608837892464718
922,1030.0,[2122.462132198163 982.9849755939435 2732.1877205366654 1607.8081897020743],[2331.387451171875 1435.787109375 2489.548095703125 1508.593505859375],0.5895029902458191,EY06VOS,0.15731218965612276
925,605.0,[2350.602194309736 1617.5568865869113 3069.9596203893257 2154.5075838663665],[2625.731201171875 2003.9952392578125 2827.13916015625 2090.074462890625],0.6552435159683228,DA07CLX,0.5022257948315626
927,1030.0,[2114.3543208481037 997.5392976293994 2747.007776050997 1631.3538842994262],[2328.339111328125 1454.8353271484375 2487.6591796875 1533.12939453125],0.6843988299369812,EY06YWS,0.2776736919271427
933,1030.0,[2104.9972260636773 1011.841738640318 2732.642090502392 1669.5914876745614],[2324.208251953125 1483.671142578125 2484.340576171875 1563.1231689453125],0.6223112940788269,EY06VAS,0.07516039788268615
935,1030.0,[2106.0109337128497 1013.6968521717299 2734.633247489932 1674.665101739472],[2324.086181640625 1488.6419677734375 2487.17431640625 1567.6885986328125],0.6549778580665588,EY09VVS,0.5197194309842947
936,605.0,[2371.8295147078215 1681.378359116699 3121.1086732016256 2162.1072475289207],[2651.291259765625 2092.366455078125 2859.584716796875 2160.0],0.6290861964225769,DA07CLA,0.6460406769585646
954,1030.0,[2093.8802290576587 1059.5415590551338 2740.480977756113 1773.0990530168433],[2318.214111328125 1576.06982421875 2486.805908203125 1656.87646484375],0.648719072341919,EY09VMS,0.3149662281871219
967,1108.0,[2073.458994029712 1138.063598340746 2750.295012166922 1849.046859549057],[2316.4482421875 1634.89501953125 2492.649169921875 1714.9461669921875],0.6730480194091797,EY09VVS,0.15925047984186605
974,1114.0,[2065.4197716450453 1118.0864102928383 2761.9801062226597 1890.5083352564682],[2315.814453125 1677.28173828125 2497.1455078125 1758.177734375],0.6656322479248047,EY06VIS,0.18622050331155587
978,1114.0,[2067.3577609370964 1134.3976886067867 2766.984398887777 1907.020991958318],[2321.040283203125 1699.61767578125 2498.832763671875 1779.0308837890625],0.673974335193634,EY09VVS,0.19680819659930296
983,1114.0,[2062.2060972736354 1154.9771113409092 2784.0361387285075 1945.572902865777],[2332.04248046875 1732.5963134765625 2515.237060546875 1816.1773681640625],0.6743484139442444,EY09VMS,0.27914403109648084
988,1114.0,[2075.2034967694804 1227.7646104722867 2790.718010947204 1987.885414478103],[2333.9130859375 1762.077392578125 2525.52685546875 1844.779541015625],0.6589083075523376,EY06VMS,0.32559205891721654
991,1114.0,[2072.0909559471406 1251.9203200330967 2792.444018790529 2004.3663224595634],[2340.455078125 1778.634521484375 2532.417724609375 1864.8079833984375],0.6825168132781982,EY09VUS,0.11696411226737263
993,1114.0,[2068.483923431075 1227.1590960017702 2800.792397002222 2003.4924055282168],[2341.791015625 1793.458740234375 2538.25 1876.42529296875],0.6509677171707153,EY09VVS,0.22856931097197708
994,1114.0,[2065.9956525628236 1199.5097804256768 2800.710352493566 2001.0863408924918],[2345.4287109375 1797.00732421875 2541.387451171875 1879.87060546875],0.6435291767120361,EY06VIS,0.14271534945847486
995,1114.0,[2070.378439944894 1182.8001848851832 2808.266870429121 2008.7392130219296],[2348.975341796875 1805.843994140625 2543.507080078125 1890.955078125],0.612138032913208,EY09VDS,0.2130877871714911
997,1114.0,[2083.6180469444257 1177.7435215138166 2826.183410155943 2029.0009013543463],[2351.64990234375 1817.384521484375 2547.0703125 1906.8956298828125],0.6611764430999756,EY06VQS,0.18712960541885254
998,1114.0,[2092.0079916612985 1196.8260792544916 2841.4971290477242 2049.954454407351],[2353.7138671875 1824.0889892578125 2555.40673828125 1916.6949462890625],0.6851319670677185,EY06VOS,0.17513322916233093
1000,1114.0,[2085.2833402480014 1242.6723940082766 2844.0390184790253 2079.4679487225953],[2351.330810546875 1832.5052490234375 2552.013427734375 1929.8485107421875],0.6623715162277222,EY09VIS,0.2619422666962891
1003,1114.0,[2093.7067882090705 1229.1240819621962 2851.3616749527873 2085.391157459718],[2363.901611328125 1860.105224609375 2565.514892578125 1951.2705078125],0.6768258810043335,EV09VIS,0.2260440352815156
1004,1114.0,[2097.7589951801333 1257.9121574484138 2859.8568149995695 2101.6084766312056],[2367.590576171875 1864.4583740234375 2570.048828125 1958.89501953125],0.6803025603294373,EY09VIS,0.2518375567008099
1006,1114.0,[2102.6491637451654 1303.1735802977778 2868.983009749001 2119.308121103753],[2367.172119140625 1883.290283203125 2575.84130859375 1972.4989013671875],0.6715293526649475,EY09VMS,0.5351585474755509
1008,1114.0,[2104.9902400009732 1331.2382012242294 2874.678375248315 2133.3930778834815],[2379.570556640625 1895.864501953125 2582.925537109375 1993.222412109375],0.663060188293457,EY09VMS,0.47368724570052334
1009,1114.0,[2103.4486846158384 1338.8145543622488 2874.6533307990308 2136.6006712977596],[2380.483154296875 1901.156982421875 2579.933349609375 1994.5283203125],0.6653475165367126,EY09VMS,0.36765470089286884
1013,1114.0,[2108.768719765013 1361.6766146287343 2888.3617784876196 2153.0157124257257],[2386.071533203125 1935.3541259765625 2593.08251953125 2026.6102294921875],0.6742073893547058,EV06VWS,0.045968363996876656
1015,1114.0,[2112.8471174382116 1351.7810555822552 2891.9587380066 2149.828259340206],[2389.41357421875 1946.8912353515625 2594.10498046875 2045.9033203125],0.6640350222587585,EY09VST,0.5205772687230574
1017,1114.0,[2118.758045856979 1343.7569954382961 2904.4663247743965 2145.54109472825],[2397.8125 1972.0546875 2599.782958984375 2059.639892578125],0.6781463027000427,EY09VMS,0.4736281515639132
1018,1114.0,[2119.4726764514944 1319.9404417500375 2912.0440535675416 2138.0438591414004],[2398.398193359375 1973.9993896484375 2603.665283203125 2061.856689453125],0.6976701617240906,EY06VUS,0.09344353696514017
1021,1114.0,[2125.2004679174356 1347.7605828050487 2926.957351080868 2158.367988824321],[2401.56640625 1991.087890625 2617.87841796875 2088.166015625],0.661343514919281,EY09VIS,0.38691714025720114
1022,1114.0,[2125.144761440035 1312.5637717739428 2927.0023424122883 2140.3036016356823],[2408.219482421875 2001.8800048828125 2622.956787109375 2101.810546875],0.6845346093177795,EY09VOS,0.25816790666723094
1023,1114.0,[2129.9393868802367 1308.884509337633 2934.302686572342 2141.291399494004],[2407.217041015625 2014.8570556640625 2625.846435546875 2110.699462890625],0.679539144039154,EY09VIS,0.1588525622860739
1024,1114.0,[2130.9809421935847 1347.6826546900122 2938.719593675715 2159.130198058846],[2411.16357421875 2018.359130859375 2626.458251953125 2112.301025390625],0.7008500695228577,EY06WIS,0.23857383105672975
1026,1114.0,[2133.5314109346014 1330.5700763831965 2947.3289790117565 2145.773902212469],[2417.7666015625 2039.86083984375 2630.1162109375 2138.033203125],0.6923505067825317,EY09VIS,0.35538727983941354
1027,1114.0,[2133.23136930697 1354.0984431075578 2949.1038945663668 2155.2712929705967],[2419.54638671875 2043.4251708984375 2629.23876953125 2142.60595703125],0.686341404914856,EY06VUS,0.08090489218629662
1029,1114.0,[2135.678202947814 1402.2059259829857 2957.614097866451 2168.3287508458325],[2426.20263671875 2065.862060546875 2639.6728515625 2157.56640625],0.6955084204673767,EY06MNS,0.3569543300166275
1030,1114.0,[2135.5822375320063 1432.0963923837444 2960.7232950673165 2171.1918326391656],[2426.2421875 2068.637451171875 2642.253173828125 2160.0],0.6958638429641724,EY03MMS,0.07379133999999503
1031,1114.0,[2129.9830065819924 1453.3431197168845 2962.3193168030393 2169.0999080787838],[2429.28857421875 2079.24169921875 2645.05078125 2160.0],0.6827355623245239,EY09VMS,0.06940645595363082
1121,1019.0,[2116.8528801870575 1190.6994586397764 2859.421092731786 1882.177151645822],[2403.495361328125 1683.342041015625 2581.90966796875 1757.9677734375],0.7031650543212891,BP63LYH,0.6347239757779395
1122,1019.0,[2118.616093651838 1195.0897296574346 2861.1075198917433 1886.4115609889138],[2403.216552734375 1694.51220703125 2580.097900390625 1762.1531982421875],0.7060919404029846,BP63LYH,0.8959081401035326
1123,1019.0,[2119.354579794892 1197.4855529511865 2864.688905247044 1889.8817682449267],[2402.046875 1696.938720703125 2585.99560546875 1766.069091796875],0.6895149946212769,BP63LYH,0.8293358285446282
1124,1019.0,[2126.9301136971553 1201.2445316808348 2874.227438060061 1894.6248305417098],[2402.5576171875 1700.9373779296875 2589.535888671875 1773.2186279296875],0.7010682225227356,BP63LYH,0.6053434915471799
1127,1019.0,[2124.531140198129 1210.9160561474214 2879.4684426228996 1908.9607619242156],[2409.291015625 1715.0079345703125 2595.246826171875 1793.4693603515625],0.5859472155570984,BP63LYH,0.9195974659076861
1129,1019.0,[2130.5249657982104 1217.2474108891242 2888.9658242455407 1922.89398978778],[2412.4462890625 1721.8831787109375 2595.912109375 1802.4166259765625],0.6920686960220337,BP63LYH,0.4019583835385484
1134,1019.0,[2138.303731913516 1232.8871139543985 2900.7651280580344 1957.207058538269],[2421.355224609375 1750.8868408203125 2613.7001953125 1831.30859375],0.6664168834686279,BP63LYH,0.9820199159010297
1209,1269.0,[2091.85793765535 1227.0930028879998 2681.2970115486532 1689.9384283934369],[2319.602294921875 1534.046630859375 2478.6630859375 1612.359375],0.6910713911056519,WG65ZFX,0.2647418384816544
1240,1269.0,[2094.027809366007 1334.567825898187 2725.223356235535 1846.1495769719577],[2346.871826171875 1681.0418701171875 2520.9208984375 1753.1231689453125],0.6527528762817383,NG65ZFX,0.26235470326146276
1246,1269.0,[2102.1096667431266 1360.0437286327785 2751.614625376018 1886.9428856789411],[2356.150634765625 1705.4296875 2533.625244140625 1780.946044921875],0.6684465408325195,NG65ZFX,0.3750165638023482
1247,1269.0,[2104.5728829906298 1363.9015146027043 2756.48682739921 1892.835513638259],[2360.809814453125 1712.3323974609375 2531.3466796875 1788.2794189453125],0.6444680094718933,OG65ZFX,0.3102197128367256
1249,1269.0,[2100.491406213706 1371.3527497401815 2755.275820686469 1901.0988176294545],[2357.308837890625 1722.0567626953125 2537.189453125 1801.9647216796875],0.6586942076683044,NG65ZFX,0.4496953362714692
1251,1269.0,[2102.224413628668 1381.2241707590847 2762.8819261028357 1912.5859218989194],[2356.8349609375 1729.9373779296875 2541.09765625 1816.7132568359375],0.6939335465431213,NG65ZFX,0.22117754816420668
1254,1269.0,[2102.6940512013125 1397.2008539302087 2770.14464771825 1930.3184983707933],[2362.307373046875 1746.52197265625 2548.171142578125 1830.8013916015625],0.674813985824585,NG65ZFX,0.6068982122498988
1256,1269.0,[2107.8769043021784 1405.8572063618162 2777.812993557546 1941.249776220301],[2365.36376953125 1755.1790771484375 2550.26513671875 1845.9158935546875],0.6750214695930481,AG65ZFX,0.3495412719325531
1257,1269.0,[2106.2286154516446 1410.3083237690632 2779.3464791553674 1947.701644458675],[2367.506103515625 1764.3399658203125 2553.032958984375 1854.8240966796875],0.6658692955970764,AG65ZFX,0.17267166151794
1259,1269.0,[2107.320501317199 1418.099885620432 2784.5058280956428 1959.9760298014553],[2374.575927734375 1773.8314208984375 2555.517333984375 1865.4801025390625],0.7019229531288147,WG65ZFX,0.41120495957533687
1260,1269.0,[2109.521259435201 1424.224418885885 2791.919355228955 1968.747913754883],[2376.33984375 1779.5657958984375 2562.043212890625 1871.149658203125],0.6951541900634766,NG65ZFY,0.5979770737611183
1261,1269.0,[2108.722740375648 1426.5970291593148 2792.81515468851 1974.19563064476],[2379.166259765625 1782.877197265625 2564.02587890625 1871.3599853515625],0.7003819942474365,WC65ZFX,0.505758435474439
1263,1269.0,[2112.385947236305 1435.1267001600995 2796.891704189559 1985.6633555194744],[2380.8759765625 1796.58837890625 2569.035888671875 1883.322509765625],0.6783021688461304,AG65ZFX,0.5334336281132711
1268,1269.0,[2115.9884866966727 1461.883660671633 2811.6400586425884 2017.6148166407204],[2382.2724609375 1824.037353515625 2575.18408203125 1916.52685546875],0.6742548942565918,NG65ZFX,0.28074359389958653
1269,1269.0,[2116.856536023067 1468.3755046736956 2813.656974661665 2026.2360807638156],[2389.2275390625 1831.792236328125 2579.376953125 1922.63525390625],0.6625187397003174,UC65ZFX,0.06685668149332795
1270,1269.0,[2120.404872586134 1471.3904596789566 2817.180460028587 2030.7179078739528],[2393.33203125 1835.8697509765625 2579.912353515625 1926.0367431640625],0.6657674908638,NC65ZFX,0.4008711042469432
1271,1269.0,[2126.725578648445 1475.6540146477282 2818.8173026159716 2036.9457944041228],[2392.453369140625 1840.76806640625 2583.232421875 1934.501220703125],0.6750604510307312,NG65ZFX,0.37303891299229147
1274,1269.0,[2118.928807485857 1491.6987917366177 2822.636435902894 2061.0292426474593],[2397.497314453125 1864.1546630859375 2590.61474609375 1956.3475341796875],0.683091402053833,NG65ZFX,0.39861057577436426
1276,1269.0,[2128.032201713238 1498.4193294806623 2832.020999011835 2070.7600200606453],[2403.701904296875 1876.8702392578125 2593.989990234375 1963.3941650390625],0.6652334928512573,AG65ZFX,0.40131937142213786
1278,1269.0,[2123.1786404681015 1511.831713011452 2836.8473381956046 2084.53135010391],[2404.916015625 1886.4239501953125 2599.336669921875 1979.823486328125],0.6889950037002563,NG65ZFX,0.5334086009529615
1279,1269.0,[2126.2186392727476 1516.5325324823946 2840.9154910324764 2090.122231165455],[2405.76123046875 1891.408447265625 2598.960205078125 1979.57666015625],0.6773786544799805,NG65ZFX,0.598463011508854
1280,1269.0,[2126.3048756364033 1518.913848848966 2843.8950935096427 2094.737884096752],[2412.739990234375 1900.9901123046875 2603.49267578125 1986.9141845703125],0.6352032423019409,NG65ZFX,0.7185168053815731
1281,1269.0,[2126.0325499330065 1522.5279172331757 2846.864634744543 2099.87889236648],[2415.064697265625 1914.1864013671875 2605.460693359375 1997.2437744140625],0.6804763674736023,NG65ZFX,0.4282996680957425
1283,1269.0,[2130.2956006235945 1530.898751927849 2857.0421507688843 2109.471794455724],[2414.625732421875 1916.44775390625 2613.9619140625 2014.42529296875],0.6749632954597473,NG65ZFX,0.7282736478817354
1286,1269.0,[2136.1993525037337 1549.5478156870738 2871.7085701586843 2127.661970483497],[2410.98779296875 1936.9595947265625 2621.357666015625 2029.6929931640625],0.6930249333381653,NG65ZFX,0.41899041198719994
1287,1269.0,[2140.809630647071 1556.656983217908 2876.0255356340062 2134.6004361783444],[2428.58056640625 1945.92041015625 2621.795654296875 2038.119873046875],0.6642192006111145,NG65ZFX,0.5606657272283454
1288,1269.0,[2144.572127528055 1562.8152839628578 2877.9301950117133 2141.128508891105],[2423.7138671875 1951.7794189453125 2620.525146484375 2042.5001220703125],0.6717449426651001,NG65ZFX,0.6094339669677351
1289,1269.0,[2145.428355462781 1565.9339945544045 2879.5436167328608 2145.5494554967563],[2428.674560546875 1962.8583984375 2627.919677734375 2053.693359375],0.6802453994750977,NG65ZFX,0.49352031631854365
1290,1269.0,[2141.6756352373977 1570.5562619521088 2886.4509256688716 2147.297756885772],[2432.3935546875 1967.8529052734375 2630.413330078125 2061.210205078125],0.6840325593948364,WG65ZFX,0.33879543273486334
1291,1269.0,[2142.2364542970504 1575.696752506367 2891.508790708385 2150.2826038453222],[2430.942626953125 1969.4532470703125 2634.101806640625 2063.0029296875],0.6720520257949829,WG65ZFX,0.4625671948978818
1294,1269.0,[2144.561367721996 1592.8261388819944 2898.7293901245243 2156.6482798169795],[2439.302734375 1990.174072265625 2641.46435546875 2080.1572265625],0.6753758788108826,NG65ZFX,0.4790064665706942
1296,1269.0,[2152.457075212025 1604.346719299091 2908.264249854695 2158.192385904454],[2443.8076171875 2007.790283203125 2645.603759765625 2099.006103515625],0.6896153092384338,AG65ZFX,0.571861918918616
1297,1269.0,[2154.220228311833 1607.1223204751805 2911.64360172168 2156.6301791157293],[2440.849365234375 2010.301025390625 2646.400634765625 2106.570556640625],0.7009598016738892,NG65ZFX,0.3826887973698728
1367,1467.0,[855.1663621142966 1179.9572077645105 1603.4492241720104 1887.1830630186166],[1130.898193359375 1671.8936767578125 1315.8489990234375 1754.586669921875],0.6996192336082458,NL64OCX,0.47319652594106176
1386,1134.0,[2227.71111414576 1335.8186070971406 2859.7419730663987 1906.4748809591788],[2471.014892578125 1734.5303955078125 2642.616943359375 1813.775146484375],0.682711660861969,LP14LJA,0.2355062042376299
1387,1134.0,[2228.2351829092386 1338.6621493300308 2861.005993267635 1910.6645961474774],[2471.656982421875 1734.76025390625 2643.357421875 1813.80322265625],0.6601169109344482,LP14LJA,0.4125191334989289
1391,1134.0,[2238.17392940902 1350.3848310375452 2867.3997793764233 1931.9193587605087],[2476.0556640625 1753.4058837890625 2665.079833984375 1832.7041015625],0.6705964207649231,LP14LJA,0.8580659944524531
1392,1134.0,[2239.467820258274 1355.6821437310505 2869.514210901026 1938.841736022801],[2482.368408203125 1758.790771484375 2667.230224609375 1841.74267578125],0.6229156255722046,LP14LJA,0.27049505056181644
1393,1134.0,[2243.089310915872 1359.2310843483385 2874.0125260499676 1943.0569548667156],[2483.219970703125 1762.5615234375 2670.334716796875 1845.6708984375],0.6311424970626831,LP14LJA,0.6359325373450292
1396,1663.0,[748.4224181716061 1322.1903572132712 1545.7462830769803 2094.912679204942],[1040.935546875 1845.3597412109375 1252.461181640625 1943.9774169921875],0.674394965171814,NL64OCR,0.36566567043562775
1399,1663.0,[740.3731096698057 1335.547323129391 1533.6082637317636 2108.2322217225037],[1034.9715576171875 1865.2174072265625 1245.8675537109375 1965.2354736328125],0.6666918396949768,NL64OGX,0.2576857591757345
1405,1134.0,[2263.664293522862 1411.2089971421783 2905.4078716630947 2006.79118869299],[2501.970703125 1818.8375244140625 2694.605712890625 1905.8909912109375],0.6716006994247437,LP14LJA,0.42858364501796703
1408,1134.0,[2269.5511728775964 1423.7884562261115 2920.7817252570267 2028.8533925195966],[2506.140869140625 1835.1119384765625 2703.342529296875 1924.7156982421875],0.6691016554832458,LP14LJA,0.2688497668152472
1410,1134.0,[2273.864834988528 1431.4523907679595 2929.198702329212 2041.557119230068],[2510.671630859375 1846.1544189453125 2712.09423828125 1936.1383056640625],0.6808150410652161,LP14LJA,0.5660046246080717
1413,1134.0,[2274.892742111802 1443.1354003588117 2934.9818257345664 2057.212826449762],[2514.465087890625 1864.1663818359375 2718.57568359375 1955.4708251953125],0.6881430149078369,LP14LJA,0.4558288705206004
1414,1134.0,[2274.6089216977366 1445.5912032391252 2935.239176522448 2061.9238028074856],[2518.264892578125 1869.8140869140625 2719.72265625 1959.9993896484375],0.6832094192504883,LP14LJA,0.4368653195723823
1415,1134.0,[2276.8883831041453 1449.0751485053497 2938.4244005300748 2067.0205678307643],[2516.6005859375 1869.8131103515625 2727.695556640625 1971.6263427734375],0.6811327934265137,LF14LJA,0.1580731344011124
1416,1134.0,[2279.310381175017 1453.2971989018347 2944.649978000185 2073.162321158053],[2524.1865234375 1881.8001708984375 2724.16552734375 1969.726318359375],0.6832446455955505,LP14LJA,0.2637043815207808
1417,1134.0,[2280.131714974092 1458.1591557307843 2948.7986305482314 2076.7542753843436],[2523.14208984375 1882.103759765625 2730.010498046875 1972.9757080078125],0.6793360114097595,LP14LJA,0.4196480137962427
1418,1134.0,[2280.8017956763874 1463.1247105143402 2950.6517100819533 2081.842365579645],[2523.54052734375 1889.375244140625 2732.279296875 1977.228515625],0.684605598449707,LP14LJA,0.2997015214225408
1419,1134.0,[2284.214698153448 1468.1298082632711 2955.787882632025 2088.4641051397666],[2525.9599609375 1894.1873779296875 2734.656982421875 1987.4517822265625],0.6879928708076477,LP14LJA,0.5001325794923858
1420,1134.0,[2285.900697126566 1471.6151598204262 2958.7378885633893 2092.598772437932],[2528.68798828125 1895.6416015625 2733.801513671875 1988.481201171875],0.6901058554649353,LP14LJA,0.27654972416946294
1421,1134.0,[2284.4419844875915 1475.672112669428 2956.4650015127495 2097.417268161142],[2531.2509765625 1900.153564453125 2735.8076171875 1996.9398193359375],0.6707618832588196,LP14LJA,0.32510478723105485
1422,1134.0,[2283.9383619279724 1481.6685937923821 2954.049055982974 2105.4329974878833],[2531.212646484375 1910.321533203125 2738.62939453125 2003.4727783203125],0.668225884437561,LP14LJA,0.48991525522950097
1423,1134.0,[2285.8564031918713 1486.1829216236708 2955.6590749621128 2111.9397702746546],[2533.064208984375 1910.26611328125 2739.46875 2008.9072265625],0.691917359828949,LP14LJA,0.47965606153208334
1424,1134.0,[2288.4754912635663 1490.8562867578762 2960.187188123601 2117.9683036706133],[2534.34130859375 1918.541748046875 2738.197021484375 2016.283447265625],0.6672676205635071,LP14LJA,0.3862571017922486
1425,1134.0,[2290.0685968527046 1495.1787935658747 2963.1342068070276 2124.5814134722364],[2535.448974609375 1923.6104736328125 2742.05078125 2020.190185546875],0.6775819063186646,LP14LJA,0.35158234580910025
1431,1134.0,[2302.0425363060485 1517.8103011656951 2985.977323606129 2143.338034632059],[2551.2421875 1960.376708984375 2765.187744140625 2055.786376953125],0.6736248135566711,LP14LJA,0.3642164701699882
1434,1134.0,[2304.53705876175 1528.7456072791317 2992.4021744756374 2145.514172680302],[2554.85595703125 1976.785400390625 2772.085693359375 2074.025390625],0.6872664093971252,LP14LJA,0.6530907088302045
1435,1134.0,[2307.053812204542 1533.4127255020496 2995.5781544862693 2146.5284303084863],[2555.1865234375 1980.388671875 2772.413818359375 2079.4072265625],0.676241397857666,LP14LJA,0.5107144202182967
1440,1134.0,[2317.4141050852077 1559.3383527541373 3020.4124552788553 2148.8158270315485],[2563.986328125 2009.252197265625 2783.972900390625 2114.007568359375],0.6843134164810181,LP14LJA,0.45305732313079455
1442,1134.0,[2317.7571643529423 1568.4219689370886 3029.7981050180592 2148.530224586035],[2572.5732421875 2018.31591796875 2789.419189453125 2125.858154296875],0.7311554551124573,LP14LJA,0.37302800842912864
1584,1473.0,[1084.7851541497266 977.6747813269585 1581.256005871022 1459.3714461405052],[1254.091552734375 1299.628173828125 1390.6644287109375 1358.3397216796875],0.37964069843292236,CE51WYL,0.4329368217528747
1586,1473.0,[1077.547313081063 979.1522873321684 1580.970135022301 1463.5306762105251],[1254.1795654296875 1304.11083984375 1389.1282958984375 1358.1815185546875],0.35227999091148376,CE61LYL,0.3330195052965759
1589,1473.0,[1070.59115287616 990.1316321903496 1578.4364229663513 1475.0798838265378],[1249.934326171875 1315.7564697265625 1398.7650146484375 1371.2740478515625],0.5504303574562073,CE51MYL,0.11851580157885859
1590,1473.0,[1069.4423243904753 995.3981620292684 1577.0701990471325 1478.961224582693],[1245.47119140625 1312.5469970703125 1385.9600830078125 1370.213134765625],0.5968533158302307,CE61WIL,0.7349999208066346
1591,1473.0,[1068.1859251098795 998.6861548640832 1576.1332343834238 1480.9472583065008],[1244.8978271484375 1315.9820556640625 1394.0650634765625 1374.3948974609375],0.5726438164710999,CE61UVL,0.44325122050744004
1594,1473.0,[1061.9742743866527 1006.4219775116276 1576.7646708454254 1487.6003175771225],[1245.25830078125 1322.4342041015625 1389.7999267578125 1379.03759765625],0.6136298775672913,CE61LYL,0.23119223463856664
1611,1473.0,[1033.254297139119 1053.9573317194227 1562.43978167376 1561.3949792058866],[1203.2645263671875 1381.630126953125 1370.8411865234375 1443.60693359375],0.5846215486526489,CE61LYL,0.6597169790079437
1689,1473.0,[839.5958589241212 1315.5967200368275 1490.424548275415 1906.303692663021],[1067.474365234375 1723.5623779296875 1266.3748779296875 1792.584716796875],0.4959042966365814,CE61LYL,0.28169669189212704
1717,1473.0,[757.4807588520619 1427.7975500223688 1463.378684321561 2075.7111545062867],[1008.5394287109375 1864.754150390625 1219.41650390625 1945.0989990234375],0.627862274646759,CE61LYL,0.2698741124623659
1724,1716.0,[2233.7210914668613 971.756593805487 2678.890578860507 1324.204419542288],[2390.72607421875 1184.0311279296875 2539.716552734375 1256.8558349609375],0.4189358353614807,SC56DTP,0.11627684475433435
1762,1716.0,[2255.4641069873255 1065.395096864632 2728.795200665298 1436.499543732112],[2418.41552734375 1296.264404296875 2569.41455078125 1360.861083984375],0.45947015285491943,SC55DYP,0.09567382124784038
1764,1716.0,[2254.5505737086855 1072.4824618254822 2729.049293882867 1443.7709411740882],[2417.337890625 1288.15234375 2576.9384765625 1366.8001708984375],0.453504741191864,SC56DTP,0.2655932741468394
1765,1716.0,[2254.765416227239 1073.5562423814913 2729.8061650131326 1445.7004035922369],[2417.2412109375 1292.434326171875 2571.240478515625 1368.2652587890625],0.39661937952041626,SC56DTP,0.1809143902540662
